text,normalized_text,lable_x,result
@benwerd And fire isn't? +1 to keeping the Hindenburg ,fir not   keep hindenburg,0,1
save the earth...don't use plastic bags ,sav ear  not us plast bag,0,1
gonna find that  dino crisis walkthrough. ,gon na find dino cris walkthrough ,0,1
Got done cryin with Joey. Shes like my sis! I am going to miss her like crazy! We are having one more overnighter at the hotel ,got cryin joey  lik sis  going miss lik crazy  ar hav mor overnight hotel,0,1
@charlii1 haha. He's he'll player/ladies man tho  xoxo,hah  wil playerladies man tho xoxo,1,0
Swim team monday. ,swim team monday ,1,0
@Simone yeh it came Crashing through and now its cold ,yeh cam crash cold,0,1
Sony and Nintendo today  Wheeee,sony nintendo today whe,0,1
@magshad Heard the football news... my condolences ,heard footbal new  condol,1,0
"Bed, school in the morning. Gym final tomorrow, jogging for 12 minutes ?! Sweet. Oh let's not forget the swimming and written part! ",bed  school morn  gym fin tomorrow  jog  minut   sweet  oh let u not forget swim writ part ,1,0
Going to sleep now i gotta get up early tomorrow to go workout  Hope i dont get to soar I have a party to go to tomorrow ,going sleep got ta get ear tomorrow go workout hop dont get soar hav party go tomorrow,0,1
@alejandralei thats what everyone is telling me. i dont care. ,everyon tel  dont car ,0,1
"I'm not use to the fact that I'm finally 16. OH MY GOSH, I'm 16! ",not us fact fin  oh gosh   ,0,1
"@triskasue If we get any rain, I'll send it to you Pattie.  We need it bad too! ",get rain  wil send patty  nee bad ,1,0
@applegirl there to greet you when you come home too or no?! ,ther greet com hom no  ,1,0
"colleen's house with katie, then basketball in walpole and driver's ed ",colleen  hous katy  basketbal walpol driv  ed,1,0
just got poptarts from Publix  My dad is jamming on my guitar in the other room...what a weird night.. :],got poptart publix dad jam guit oth room  weird night   ],0,1
bank holiday today...apparently ,bank holiday today  app,1,0
Watching Edward sissorhands! Cause there is NOTHING else on the tele box  x,watch edward sissorhand  caus ther noth els tel box x,1,0
misspelled those wrong ,misspel thos wrong,0,1
@the_grey_goose aint got no tv @ my sis place! n too tired 2 go out 2 watch it! but goooo lakers! ,aint got no tv sis plac  n tir  go  watch  goooo lak ,0,1
"hey , @LITTLEWINDMILL !! cute picture, i like the colors. =p~ are you back ? ",hey    cut pict  lik col  p ar back ,1,0
Just got my blink tix in the mail ,got blink tix mail,0,1
http://twitpic.com/6rf2m - I wanna go to the SEA  í´ì´ëâ¬, wan na go sea ,0,1
next week is the last week of school! yay! and then on the 8th im off to the bahamas! ya! paradise here i come... well in 9 days that is! ,next week last week school  yay  th im bahama  ya  parad com  wel  day ,0,1
"@SteffiF I agree, I am sitting on the sofa with a blanket! Def. cold ",agr  sit sof blanket  def  cold,0,1
"All matter is energy, all energy is information. Information is thought, thought is consciousness. Consciousness is All That Is ",al mat energy  al energy inform  inform thought  thought conscy  conscy al,0,1
@FitnessforGolf I understand now ,understand,0,1
once you go mac .. you never go back !  (via @PalStall),ont go mac  nev go back   via,0,1
@sweetney   so sorry to hear that.  i will be thinking of you.,sorry hear  wil think ,1,0
@daijamae Hiya Hun!! Been great ta as been off on leave all week - not looking forward to going back to work tomorrow  How's you?,hiy hun   gre ta leav al week  not look forward going back work tomorrow ,1,0
Ppl you must eat at Sumo Salad in the city! My bro jus bought the business and its sick! Oh they need staff 2 k! Get to it ey  love x,ppl must eat sumo salad city  bro jus bought busy sick  oh nee staff  k  get ey lov x,0,1
"hates being sick.  ... but loves stereos, they made my day brighter! &lt;3",hat sick   lov stereo  mad day bright  amp lt  ,1,0
"@PixiePolaroid Technically camera aren't allowed in the concerts  But still, i'd love to have some photos from the NKOTB cruise ",techn camer ar not allow concert stil  would lov hav som photo nkotb cru,1,0
"back from a sunny walk, weather is so nice,which is unusual, the murphys are pikin me up which shud be goaad. want to go out in the sunn ",back sunny walk  weath nic  unus  murph ar pikin shud goaad  want go sun,0,1
"@LaurieCromie I think I didn't even come for the Jack. Sawyer, though? ",think not ev com jack  sawy  though ,0,1
"@wolwol Duh duh, startrek only in jakarta for now  &gt;&gt; means, you must watch in Jakarta, and have a meet and greet with WFC members ;)",duh duh  startrek jakart amp gt  amp gt  mean  must watch jakart  hav meet greet wfc memb  ,1,0
OK not that I am loved  but this will be the last time for a while I can log in unless I get internet signal on my Phone! So tata! ,ok not lov thi wil last tim whil log unless get internet sign phon  tat ,0,1
somthing you dont care ,somth dont car,0,1
If I drop off - sorry - I'm so close to drooling &amp; snoring LOL - goodnight in advance - will try to make it to 9 tho ,drop  sorry  clos drool amp amp  snor lol  goodnight adv  wil try mak  tho,0,1
70 IQ should be solved in 30 minutes ... I'm sorry my dear brain .. I know it was hard .. but it was Ok also , iq solv  minut  sorry dear brain  know hard  ok also,0,1
"@CocaBeenSlinky  Aldo not a risk methinks, lot of luv 4 and from him at Prenton Pk still, he fell out with boss last time an she gone ",aldo not risk methink  lot luv  prenton pk stil  fel boss last tim gon,0,1
FINALLY watched the season finale of grey's anatomy! but man what will next season bring?? ,fin watch season fin grey  anatom  man wil next season bring  ,1,0
"I don't know how to make leis, so I need to go buy some ",not know mak lei  nee go buy som,0,1
I will love to death the lovely one that will give me the CD 'A Little Faster' on my birthday. ,wil lov dea lov wil giv cd  littl fast  birthday ,1,0
one week of summer left.  before i start summer school.  yay. ,week sum left  bef start sum school  yay ,1,0
I guess the relaxing dinner and a movie is out for tonight...I was looking forward to that after my day at work ,guess relax din movy tonight  wa look forward aft day work,1,0
What does a man have to do to get a freaking graduate position? ,doe man hav get freak gradu posit ,1,0
"i think its about time i got off my lazy ass and went for a shower, soo bye everybody ",think tim got lazy ass went show  soo bye everybody,0,1
" needed new earphones, got new earphones.",nee new earphon  got new earphon ,0,1
having momma and daughter quality time .. the others aren't home .. ,hav momm daught qual tim  oth ar not hom ,0,1
KUhawk5  Ooops.. I had a bug   But I fixed it..    Try that tiny URL again..,kuhawk ooops  bug fix  try tiny url ,1,0
"@AaL17 Aw, bummer! But at least you can re-watch it  My net disconnected 4 times  I got angry and swore ",aw  bum  least rewatch net disconnect  tim got angry swor,0,1
Back from Germany ,back germany,1,0
@little_eva sounds yummy! have some for me ,sound yummy  hav som,1,0
waiting 4 my coffee 2 brew what would i do w/o it? ,wait  coff  brew would wo ,0,1
@mcflyharry Harry Potter. ,harry pot ,1,0
@zephyr0811 hope ur migrane is better now ,hop ur migr bet,0,1
is awake ,awak,1,0
@BlairVander I'm not sure where to recycle. My housekeeper ssort it out for me. Or taht's what she says... who knows?! ,not sur wher recyc  housekeep ssort  taht  say  know  ,0,1
Got Twhirl  and its really convient,got twhirl real convy,0,1
@LloydDavis I was just looking at that!  Terrible...far too familiar ,look  terr  far famili,0,1
"@Yeti_Antics Yes, indeed. It really ruined my day, but it is now fixed. However, it's taking the entire night to get it decently cool. ",ye  indee  real ruin day  fix  howev  tak entir night get dec cool ,1,0
"Enjoying family movie night with the girls, minus daddy.    He is at a golf outing. Movie of choice: Barbie Fairytopia. (Sydnee's pick!)",enjoy famy movy night girl  min daddy  golf  movy cho  barby fairytop   sydn  pick  ,1,0
i could really use a cake day today.   #cakeday,could real us cak day today   cakeday,1,0
"homework  gonna go into town later, thatll be fun",homework gon na go town lat  thatl fun,1,0
"@HotMamaGowns Ha ha! I think u can pink in MI--my SIL is from MI, will receive the gown here &amp; they're likely going 2 move back 2 MI soon ",ha ha  think u pink mi  sil mi  wil receiv gown amp amp  ar lik going  mov back  mi soon,0,1
@scottmliddell mine was less than half than it usually is when in #Delhi ,min less half us  delh,0,1
@BabySnakes1987 it's their new summer hours  maybe it's only weekdays,new sum hour mayb weekday,1,0
On my way home. ,way hom ,0,1
"gonna watch some t.v before going to bed, need to wake up early tm thou ",gon na watch som tv bef going bed  nee wak ear tm thou,1,0
With the bestiie.....in the car on thw wayy 2 graduation with the rest of them fam.  ?,bestiy   car thw wayy  gradu rest fam  ,0,1
@turkfontaine I recognize your name from the blogs though you don't comment on mine! ,recogn yo nam blog though not com min ,1,0
My new favorite to do : sitting in my pj's waiting for that one phone call. ,new favorit  sit pj  wait phon cal ,0,1
"@iMartyW @artfulmemories The show is so awful, it is fantastic. ",show aw  fantast ,0,1
Needing to do some homework today ,nee som homework today,0,1
I WORE JEANS!!!!!!!!!!!!! HURRAY  ,wor jean              hurray,0,1
"feeling a lot better now, I guess I should joke around when it's painful.. it seems to help.. only problem: people might get offended ",feel lot bet  guess jok around painful  seem help  problem  peopl might get offend,1,0
@Geekwife Me too   Now all I need are the rest of the #flyinglushes to find their way back here - I'm thinking its TINI TIME!!!!,al nee ar rest  flyinglush find way back  think tin tim    ,0,1
Whar a mediocre evening. I hope for my sake that tomorrow is awesome or I'm gonna be a right moody arse. My ears are fine thanks ,whar mediocr ev  hop sak tomorrow awesom gon na right moody ars  ear ar fin thank,0,1
@helenwhy i see haha  what've you been up to outside of work?,see hah hav outsid work ,1,0
@DuboisRene &quot;Fall&quot; is so beautiful.  I mean who can't relate. Ugh. *Takes out Human album*,amp quot  fal amp quot  beauty  mean not rel  ugh  takes hum album,1,0
octoglob    http://bit.ly/EMeNH via @addthis,octoglob via,1,0
just studied biology for nearly 4 hours. BUTUTUT last test of the year! Minus the final exam but steeeeel. ,study biolog near  hour  bututut last test year  min fin exam steeeeel ,0,1
"@Michael_Zelbel am getting used to twitter, i should feel very at home here but it's taking some time to learn the ettiquette ",get us twit  feel hom tak som tim learn ettiquet,0,1
"I woke up in such a panic, but today was really lots of fun.  Problems that overwhelm us at night have less power during the day.  ",wok pan  today real lot fun  problem overwhelm us night hav less pow dur day ,0,1
@dinibeanie yeah trying to study so hard right now.  how are you going with exam study? ... blink 182 are the best. ,yeah try study hard right  ar going exam study   blink  ar best ,1,0
"@TaylorWilde hi shantelle ... you did a great job at lockdown, sorry you didnt win the title  xoxo",hi shantel  gre job lockdown  sorry didnt win titl xoxo,1,0
@flytunes cuz on twitter we practice no rainbow and no nobby ,cuz twit pract no rainbow no nobby,0,1
"@Rob_Bowman I'm slow in catching up to tweets today! Yeah, I tried that before and never had good luck with extreme violence. ",slow catch tweet today  yeah  tri bef nev good luck extrem viol ,0,1
@sopranokoala great weekend; 1 no food 2 no food 3 starving by Sunday evening 4 hospital visit 5 eat like there's no tuesday! ,gre weekend   no food  no food  starv sunday ev  hospit visit  eat lik ther no tuesday ,0,1
@baby__jane your boy @HunterParrish has a twitter. there's a hint to what i'm gonna miss on monday. ,yo boy ha twit  ther hint gon na miss monday ,1,0
Morning ... Going to court ,morn  going court,1,0
Im watching across the universe by myself. ,im watch across univers ,1,0
Whoa whoa whoa I don't know about all this bad mouthing Amy nonsense!!! ,not know al thi bad mouth amy nonsens   ,0,1
@ddlovato hey demi =D I answered by the official Twitter so once demi please love you too girl  !!!!,hey dem d answ twit ont dem pleas lov girl    ,1,0
listening to the roar/hoot/squeal of the traffic &amp; the hum of the air conditioning - colombo is not a quiet place ,list roarhootsqueal traff amp amp  hum air condit  colombo not quiet plac,0,1
"@DENISE_RICHARDS good morning to you while gd nite to me in Singapore..I lost my aunt due to cancer too,hoping to do Cancer charity too ",good morn whil gd nit singapore  lost aunt due cant  hop cant char,0,1
@KatyCorbeil damn. they close at four. boo. i get off at 2 and then i go change and shazam. blood. i get my gallon plate tomorrow! ,damn  clos four  boo  get  go chang shazam  blood  get gallon plat tomorrow ,0,1
thinking about how things happen if you just believe... ,think thing hap believ ,0,1
sometimes it's just best for me to stay curious  rather than find out the bitter truth,sometim best stay cury rath find bit tru,1,0
I've only got the finale of American Idol left to subtitle. Then it's back to doing som real work ,hav got fin idol left subtitl  back som real work,1,0
@gellyfish - 140 wasn't confining enough ,  not confin enough,0,1
Vacation!  Gonna go to celebrate with my friends to the city! Oh my god! I have to get prepared! Only 3hrs to the &quot;party&quot; ;),vac  gon na go celebr friend city  oh god  hav get prep  hrs amp quot  party amp quot   ,0,1
weoll good night all xoxo wish me luck for the busy day ahead tomorrow  oh well what can you do lol good night,weol good night al xoxo wish luck busy day ahead tomorrow oh wel lol good night,1,0
ATi In the House ,hous,0,1
"@Transitionqueen Not always easy to make time for self-care when 100's on to-do list. But, sure beats burn out in long run ",not alway easy mak tim selfcare   todo list   sur beat burn long run,0,1
@britopian what are you doing up at this time? ,ar thi tim ,0,1
@ridhi_07 What did I ask? ,ask ,1,0
My voice is 95% back ,voic   back,0,1
@alexxxmann tbh i thinkg thats the gayst advert ive ever seen and yesyes i kow what it is now           i want mikados :'(,tbh thinkg gayst advert iv ev seen yesy kow want mikado   ,0,1
"Just called 911 in this passed out, drunk dude. He was like halfway in the gutter on Beach. It was awesome. Never called the cops before. ",cal  thi pass  drunk dud  lik halfway gut beach  awesom  nev cal cop bef ,0,1
@shadyoutkast I do too. ,,0,1
@bluefur Hey! &gt; you're not blue-fur! ,hey  amp gt  ar not bluefur ,1,0
"It's my birthday, bitch!!!!!   officially not a teen.",birthday  bitch      not teen ,0,1
@connoraa thats sokai ,soka,0,1
having a coffing fit   i can hear joel n az laughing downstairs..mayb i will join them,hav coff fit hear joel n az laugh downstairs  mayb wil join,1,0
charmed was such a great show y did hav to end ,charm wa gre show hav end,1,0
@kmax2j1e Love Blue Rodeo...Jealous! Totally had to look up what the Malkin Bowl was though ,lov blu rodeo  jeal  tot look malkin bowl though,0,1
Big freakin thunder. Maybe the power will go out again  Off to work till 8...,big freakin thund  mayb pow wil go work til  ,0,1
i need a holiday  preferably turkey any1 want to take me lol,nee holiday pref turkey any want tak lol,0,1
back home ,back hom,0,1
"Metatags are fine, as far i have not to tag tons of sites ",met ar fin  far hav not tag ton sit,1,0
"so, I'm off to bed now.  it's almost 0:00 here in Germany.. no school tomorrow, wooooop!  see ya tomorrow. byeeee. xx", bed  almost    germany  no school tomorrow  wooooop  see ya tomorrow  bye  xx,0,1
@mousebudden lol..in my relationship 2..we stay arguing &amp; dnt even remeber what 4 or how it started..ur not alone joey ,lol  rel   stay argu amp amp  dnt ev remeb  started  ur not alon joey,0,1
wishes she could just escape n go somewhwere exciting ,wish could escap n go somewhw excit,0,1
I'm Gonna Have To Watch The #bb10 Eviction On Ch4+1 Because The #apprentice Final Is 2 Hours Today ,gon na hav watch  bb evict ch becaus  appr fin  hour today,0,1
Sorry kids  There's always next yr. Enjoy the rest of the show. Mr Urban is 1 heck of a guitarist!,sorry kid ther alway next yr enjoy rest show  mr urb  heck guit ,1,0
I need me time I'm thinking mani pedi today ,nee tim think man ped today,0,1
"@thetinagrant How is your retirement from modeling going, you miss it at all ",yo retir model going  miss al,0,1
is thankful for the morning rain ,thank morn rain,0,1
@karasukun   thats an uncool name for that,uncool nam,1,0
@kassymay were so cool but people don't know how cool we are beacuse its way to much to think about   p.s stop eating all the pizza,wer cool peopl not know cool ar beacus way much think ps stop eat al pizz,0,1
@aaron_watson Have fun honky tonkin in Colorado! Miss ya in ks ,hav fun honky tonkin colorado  miss ya ks,0,1
@Yashiyama Not your fault the staff member is a complete moron ,not yo fault staff memb complet moron,1,0
I tought Conan did a great job tonight.  Better than Leno IMO.,tought con gre job tonight  bet leno imo ,0,1
@Depond No not really  It's all boring haha. and on tv in ur country? x,no not real al bor hah  tv ur country  x,1,0
@AGtheKid I know..tweetie kept it the same.  get me an autograph plz. Yes groupie.,know  tweetie kept sam  get autograph plz  ye groupy ,1,0
My dog just barked one of my mates straight out the door!  I'll have no friends left soon! ,dog bark mat straight door  wil hav no friend left soon ,0,1
after one week holiday off to work---hahaha ,aft week holiday work  hahaha,1,0
whee!! new tv delivery! ,whe   new tv delivery ,0,1
@MusicMistress90 Boo to him ,boo,0,1
weirdest dream ever xD why do all americans have a gun?! and @trvsbrkr I am really not a thief ,weirdest dream ev xd al hav gun   real not thief,0,1
my home computer internet is down.. but i can still get wifi in the middle of my street!  http://bit.ly/aQ8Kz,hom comput internet  stil get wif middl street ,0,1
@mitchelmusso that must have been hard!  at least you're almost done!,must hav hard  least ar almost ,1,0
@PDX_Grenade The link 404'd. ,link   ,1,0
@xIngrid nothing  I'm sitting next to you. Again ,noth sit next ,0,1
"Baby Seahorses yesterday morning - week early. Were doing real well till I left for the day, airhose turned off, all sifocated. ",baby seahors yesterday morn  week ear  wer real wel til left day  airhos turn  al sifoc ,1,0
"i was gonna do a new icon but u came here  so i don't have to, i mean simona",gon na new icon u cam not hav  mean simon,0,1
"Rain delay...  ... Of course, because I actually have some free time to watch",rain delay   cours  becaus act hav som fre tim watch,1,0
"You've got a piece of me, and honestly, my life would suck without you ",hav got piec  honest  lif would suck without,0,1
@pmurphy_dc Well don't because then @whatlizsaid won't be able to take cute pictures of you.  LOL,wel not becaus wil not abl tak cut pict  lol,1,0
"Shower, dress and then off to Leinster-Munster match to watch Munster kick ass and all the D4/ Blackrock jocks cry ",show  dress leinstermunst match watch munst kick ass al d blackrock jock cry,0,1
Morelim bozuk canÄ±m sÄ±kkÄ±n ,morelim bozuk can  s  kk  n,1,0
@kingchidiishere lance... thats it. hook up the internet on the phne. theres no point n tweeting when have 2 do it from the house! ,lant   hook internet phne  ther no point n tweet hav  hous ,1,0
"@carole29 yes please, I'm too upset at the situation ",ye pleas  upset situ,1,0
"@binarylife Have a great day, hope to catch up with you later. Wish I was in town hehe ",hav gre day  hop catch lat  wish town heh,0,1
arthemis is coooool ,arthem coooool,0,1
just finished health project  bout to hit the hay,fin heal project bout hit hay,0,1
it is 8:30 - already taken Dave to drop his gar at garage - kids all ready for school and child #4 smashed a glass cake stand. Good start ,    already tak dav drop gar gar  kid al ready school child   smash glass cak stand  good start,0,1
@RICKEYJACKETS WHATS THAT? MUSHINGTON O HELL LOL I GOT IT AS I TYPED IT.. YEAH WELL NONE FOR ME NE MORE.. , mushington hel lol got typ  yeah wel non ne ,1,0
"@Heatherinaa Duh, of course! I have it on DVD.  This is why my love for Nathan Fillion is now out of control.",duh  cours  hav dvd  thi lov nath fil control ,0,1
goodnight  â¥,goodnight ,1,0
cut all of Jace's hair off! AHHH what was I thinking! hehe He looks like a little man!! ,cut al jac  hair  ahhh wa think  heh look lik littl man  ,1,0
rain rain go away i want 2 buy my converse today ,rain rain go away want  buy convers today,0,1
"@codepo8  people often wonder what the writers were smoking to make such a lousy plot. For T4 they had nothing to smoke, hence the result",peopl oft wond writ wer smok mak lousy plot  t noth smok  hent result,0,1
"@roflwolf No, seriously, what does it mean.  ",no  sery  doe mean ,1,0
"black dress, with the tights underneath, i got the breath of a last cigarette on my teeth - 3oh!3 ",black dress  tight undernea  got brea last cigaret tee  oh  ,0,1
@kyrobbins @shandrab @zoeyjordan @jessewatson1 @nathanrouse  Sorry for just &quot;disappearing&quot; earlier - actually fell asleep with twitter! ,sorry amp quot  disappear amp quot  ear  act fel asleep twit ,1,0
@ev Can you PLEASE Fix Twitter Avatars.  I have been having issues for two days.. i want a photo.  ,pleas fix twit avat  hav hav issu two days  want photo ,0,1
@limeroyalty sorry you're missing the black lips!  thanks for the shoutout though!,sorry ar miss black lip  thank shoutout though ,1,0
just got homee after a day/afternoon/evening spentt with matess ,got hom aft dayafternoonevening spent matess,0,1
I think it's official. I've ran outta things to talk about on here. ,think  hav ran outt thing talk ,1,0
"@Agent_M I love reading your tweets, they're a highlight of my day. Although sometimes I don't really know what you're going on about ",lov read yo tweet  ar highlight day  although sometim not real know ar going,1,0
counting the blisters on my feet OUCH...was worth it tho. We had a great time. Time to head home now ,count blist foot ouch  wa wor tho  gre tim  tim head hom,1,0
@Amanda_mb never thought of i-player lol...i just have it on my digi box thing hehe. Well I'm going to sleep busy day 2mora  Night x,nev thought iplayer lol  hav dig box thing heh  wel going sleep busy day mora night x,1,0
http://twitpic.com/6u9yi - I got this sundress last night... And didn't realize til now that there are pink pot leaves on it! , got thi sundress last night  not real til ther ar pink pot leaf ,1,0
"@chichiglacierz Lol, I know but I'm on West Coast time &amp; I'm a Vampire anyways ",lol  know west coast tim amp amp  vampir anyway,0,1
In portland ,portland,0,1
@sawwaa but our life depends on it!!!!! ,lif depend     ,1,0
@bifnaked ugh! Wish i could help ya knock off some items from your list! Hope you sleep in tomorrow! Well at least til 4!  ,ugh  wish could help ya knock som item yo list  hop sleep tomorrow  wel least til  ,0,1
"Hoping to be productive today, but S is working this afternoon ... Mommy &amp; P time ",hop produc today  work thi afternoon  mommy amp amp  p tim,0,1
PLEASE VOTE FOR DIVERSITY LOL ,pleas vot divers lol,1,0
Squishy!! About time he scored again ,squishy   tim scor,0,1
I wouldn't mind walking in the rain if i didn't have expensive technology in my hands... ,would not mind walk rain not hav expend technolog hand ,1,0
@DoomGolly Bo! As in the late-nineties British urban greeting ;) Who did you work with I'm confused ,bo  latenineties brit urb greet   work confus,0,1
sleeping taken by roly  http://sml.vg/xJeLhL,sleep tak roly,0,1
@i_hate_subway: we were playing 'bullshit' at work on friday and it made me thing of the movie How to Lose a Guy in 10 Days. ,wer play  bullshit  work friday mad thing movy los guy  day ,0,1
"@Murph_OM missed yer stream this week, capt'n. Hope yer feeling better now. Arrrrrr fer ye! ",miss yer stream thi week  capt  n  hop yer feel bet  arrrrr fer ye ,0,1
Also available as &quot;flip book&quot; but the link is too long to fit in here ,also avail amp quot  flip book amp quot  link long fit,0,1
my 1st day as a media planning/buying intern= so informative and productive!! It as great! IM GLAD- those butterflies in my belly r gone ,st day med planningbuy intern inform produc   gre  im glad thos butterf bel r gon,0,1
"@ska_o_licious I was on that shit for a whole year, I know how hard it can be  Seriously if you wanna talk I'm here",wa shit whol year  know hard sery wan na talk,1,0
"kinda sucks when you forget to eat, oh well, c'est la vie ~ ahahaha xoxox ",kind suck forget eat  oh wel  c  est la vie  ahahah xoxox,0,1
@unklar sure ship them on up -- mine won't be ready for another 7 weeks .... slow start -- late frost ,sur ship  min wil not ready anoth  week   slow start  lat frost,1,0
@INishaBoo92 ummm I been in the kitchen. There's nuthin there ,umm kitch  ther nuthin ther,1,0
Kurdistan Region exports oil  http://bit.ly/16SORG,kurd reg export oil,0,1
@yay4bnl Sprinting.... shudder!  But hrrrmm... all those goodies mean I like should get out and do something.. sometime...not soon ,sprinting   shud  hrrrmm  al thos goody mean lik get something  sometim  not soon,0,1
@Jule_E HUGS!  Let me know if there is anything I can do! ,hug  let know ther anyth ,1,0
need to let go of my twitteraddiction nd go enjoy this beautiful sunday  catch ya later tweeps!,nee let go twitteraddict nd go enjoy thi beauty sunday catch ya lat tweep ,0,1
"Also, dying. 28.2 celsius outdoors, and I have.. 26.2 in my room!  ..that is a sarcastic smiley, btw.",also  dying   celsi outdo    room   sarcast smiley  btw ,0,1
Woke up early on a sunday for dance ,wok ear sunday dant,1,0
"And those words you write, keep me up all.... niiiiiiggggghhhhhttttt ",thos word writ  keep al   niiiiiiggggghhhhhtttt,0,1
is glad dolce is back  but misses SD,glad dolc back miss sd,0,1
"had a surprisinly good day... was at a bbq, wasnt as bad as i thought it would be :p ended up txting ppl most of day like, lmao  x",surprisin good day  bbq  wasnt bad thought would  p end txting ppl day lik  lmao x,0,1
At a wedding - I don't know anyone other than my wife  I feel like owen Wilson in wedding crashers http://twitpic.com/6rxlo,wed  not know anyon oth wif feel lik ow wilson wed crash,0,1
@cmarie7 home watching tv  I need a night out. you got me on that gnr shit,hom watch tv nee night  got gnr shit,1,0
I'm looking for someone who can repair a vintage record player... Anyone? Anyone? ,look someon repair vint record play  anyon  anyon ,0,1
Why do people have 2 be so deceitful and unreal?  But my love for Steve Jones and Channing Tatum has been renewed lol...their soo nice ,peopl hav  deceit unr  lov stev jon chan tat ha renew lol  soo nic,1,0
"awwww so proud of my cats. all vaccinated and stuff, now they're a bit snoozy  zzz",awwww proud cat  al vaccin stuff  ar bit snoozy zzz,0,1
"@skipsamo LOL, never a fan of sheff. damn yanks. although your tigers are playing my sox soon...uh oh ",lol  nev fan sheff  damn yank  although yo tig ar play sox soon  uh oh,0,1
"Brrrrr, so cold here in Aus today! Good luck Miley with MTV awards !! ",brrrrr  cold au today  good luck miley mtv award  ,0,1
Is crushin' hard!!!!!!!!!!!!!!!! ,crushin  hard                ,0,1
"@sparkspace tho, I guess i din't follow the link in that first tweet, so i glossed over an impt bit of context. I think i'll shut up now ",tho  guess di n  follow link first tweet  gloss ov impt bit context  think wil shut,0,1
is happy to see @nextlevelent  ...missed ya punkin ,happy see  miss ya punkin,0,1
@tombrazelton I quoted you then spelled your name wrong ,quot spel yo nam wrong,0,1
"@thecircusgirl i don't know anything ï¿½ï¿½' and if u want to be the new cancer, ok, but i don't want it and i'm your best friend so shut up ",not know anyth       u want new cant  ok  not want yo best friend shut,0,1
my dog just bit me  and she broke the skin the bitch! LOL guess I'll have to stop teasing here hehehe,dog bit brok skin bitch  lol guess wil hav stop teas heheh,1,0
@breedimetria @blackaricanma alright ladies! I'll be back to chat l8r. Bout to take care of Lil A bcuz he doesnt feel well  ttyl twitches!,alright lady  wil back chat lr  bout tak car lil bcuz doesnt feel wel ttyl twitch ,1,0
"@ecounts bohuÅ¾el se zdÃ¡, Å¾e ani 24/7 vysÃ­lÃ¡nÃ­ by bylo mÃ¡lo   http://bit.ly/NeNVp",bohuel se zd   e  vysl  n bylo m  lo,1,0
Twiitter iis piiss'n me off ...iim off thiis ...g'niite my prettys ...uglys too but ...mostlys my prettys ,twiit ii piiss  n  iim thi  g  niite pretty  ug  pretty,0,1
"@cspenn   I'm on Korgath. Alliance as well, Gnome warrior. but i just play for the questing... not a raider. that'",korga  al wel  gnom warry  play quest  not raid  ,1,0
@HenleyFenix  click your heels three times!,click yo heel three tim ,1,0
Is Going to bed.Long day tommorow ,going bedlong day tommorow,0,1
"@JennnaaBeeean i feel like we're all getting old!  but its ok, i guess. lol",feel lik ar al get old  ok  guess  lol,1,0
Last football match of the season  but we did the whole spray champagne thing which was cool ,last footbal match season whol spray champagn thing wa cool,1,0
@weddingtidbits #wisebride looks fun! Wish I were in FL today , wisebrid look fun  wish wer fl today,0,1
@togetherinlife Everyone says &quot;there's nothing wrong with having money&quot; but then they haven't worked for rich jerk gurus!  Power corrupts.,everyon say amp quot  ther noth wrong hav money amp quot  hav not work rich jerk gur  pow corrupt ,0,1
@Freedom7Fighter  100% agree.....,  agr  ,1,0
@ashieldsss i have no ideaaaa ugh   just a littttle tiny hint before you take it!,hav no ideaaa ugh littttl tiny hint bef tak ,1,0
"I changed my mind Sylar's not my favorite, Hiro is. ",chang mind syl  not favorit  hiro ,0,1
@islandchic Good god!! Keep sniffing then.. ,good god   keep sniff ,0,1
@brittneycamargo Yep. I wanted to go to both too  but I think we'll see each other at Warped. You're going to Ventura right?,yep  want go think wil see oth warp  ar going ventur right ,1,0
@gregcundiff yah it was our grand reopening or some such nonsense. it was fun....i babysat my frieds. ,yah wa grand reop som nonsens  wa fun  i babys fri ,1,0
@Samira_R passing out on a table and wakin up 2 a guy singin 2 me while every1 was laughin at me ..durin Kareoke night!  and..,pass tabl wakin  guy singin  whil every wa laughin  durin kareok night  ,1,0
@x3Hannahx3   i don't know  me is boring !!,not know bor  ,0,1
Everyone gets to lay out by the pool except for me   working till 7. Come visit,everyon get lay pool exceiv work til  com visit,1,0
@shiftin around 6.30 I'd have thought..for a good few hours. ,around  would hav thought  good hour ,0,1
Todays the day! Countdown is over!  don't worry i'll have another one soon lol,today day  countdown ov  not worry wil hav anoth soon lol,1,0
"@Hfashionista thats cuz people need to watch their carbon footprint.. soon, it will be snowing still in June.. ",cuz peopl nee watch carbon footprint  soon  wil snow stil june ,1,0
"@shaneheadboy you follow a lot of brazilian girl, why don't you follow me too? ",follow lot brazil girl  not follow ,1,0
summer workout!  ,sum workout ,1,0
Oh yaay Princess Bride is on! As you wiiissshh!!  makes my heart smile. What a loser. ,oh yaay princess brid  wiiissshh   mak heart smil  los ,0,1
"Wow, I never realized there was so many spam profiles on twitter.... Another reason to hate ",wow  nev real ther many spam profil twit   anoth reason hat,0,1
@LM4U16 yeah u kinda disappeared haha. how u doing Eli? ,yeah u kind disappear hah  u el ,0,1
@saudarilee sini dah ada h1n1 still want to come? hhehe pukulan shopping and makan cannot beat the swine flu eh ,sin dah ad hn stil want com  hheh puk shop mak not beat swin flu eh,0,1
"I will go to Kurume, Japan in July via language exchange program - I am So excited!!!  -&gt; lotta work to do *sigh*",wil go kurum  jap july via langu exchang program  excit     amp gt  lott work sigh,0,1
Just find out the Boyle didn&quot;t win the game !!!  xoxo!!!,find boyl amp quot  win gam    xoxo   ,1,0
Studying for diplomas  enough procrastination.,study diploma enough procrastin ,0,1
"@proletariatof1 That is, assuming we are dealing with judges who are sociopaths ", assum ar deal judg ar sociopath,0,1
@scitadel oh well   Its great to see the canadian math trades getting bigger though.,oh wel gre see canad math trad get big though ,1,0
At the office now - back into super lurk mode .. glad today's stage is .. well ... relatively flat , back sup lurk mod  glad today  stag  wel  rel flat,0,1
Sorry to all who got an invite from me lastnight - I clicked something unintentionally that allowed Twitter to access my contact book ,sorry al got invit lastnight  click someth unint allow twit access contact book,1,0
@astroengine I haven't decided. i have phone calls to make 2mr. sorta pissed right now about that lol blip powering me on! ,hav not decid  hav phon cal mak mr  sort piss right lol blip pow ,0,1
My foot - sometimesyouleave: Go to bed  http://tumblr.com/x261z1cdm,foot  sometimesyouleav  go bed,0,1
@ciaobella6 lol ur funny hun!!!! now i think he's following me cuz someone told him 2 not cuz he wants 2 ,lol ur funny hun     think follow cuz someon told  not cuz want ,1,0
@officialpeta  You guys do such great work... shame you made fools out of yourselves with the fly thing... ,guy gre work  sham mad fool yourselv fly thing ,1,0
@Jill_C  oh totally!! both your tweets to Chris were Freakin hilarious!! You kill me ,oh tot   yo tweet chris wer freakin hil   kil,0,1
was wierd2 2day without the girls can't wait 2 talk 2 u about what happened ,wierd day without girl not wait  talk  u hap,0,1
@janaebella awesome...what sort of tours?...are you trying to say you cant hang out with me in h town and let me show you around??? ,awesom  sort tour   ar try say cant hang h town let show around   ,1,0
this is daisy of love... not i love liquor! ,thi daisy lov  not lov liqu ,0,1
I want to go to wal-mart.... just cuhz ,want go walmart   cuhz,0,1
in direct studyyyyyyyyyyyyyyyyyyyyyyyy ,direct studyyyyyyyyyyyyyyyyyyyyyyyy,0,1
On break.. There are 3 little kittens meowing. I just want to pet them ,break  ther ar  littl kit meow  want pet,1,0
"ugh...your kinda really annoying me right now! damn, ii wanna punch you!!! but ii won't ",ugh  yo kind real annoy right  damn  ii wan na punch    ii wil not,0,1
@cookiefriend i'm with you - i finally get a break from this conf. call!!  only to start up again at 1.. , fin get break thi conf  cal   start  ,1,0
@SamsonNDelilah ya it sucked. oh well. ,ya suck  oh wel ,0,1
@Kaceyfish ,,1,0
@Mr_Marty lol - that makes me feel wanted! ,lol  mak feel want ,1,0
"@nikkig8783 wouldn't even cross my mind to put the TV on, on a Sunday morning. ",would not ev cross mind put tv  sunday morn ,0,1
3 days till Germany - packing. Don't you hate it when you can't fit all your stuff in your suitcase? , day til germany  pack  not hat not fit al yo stuff yo suitcas ,1,0
"Goood! it's been a long, long time that I don't tweet ",goood  long  long tim not tweet,0,1
"@emmajell He fed them, watered them, and made little origami birds with them. Then he slept for 12 hours ",fed  wat  mad littl origam bird  slept  hour,0,1
@fraggierocks Long time no speak  When is baby frags due hun?,long tim no speak baby frag due hun ,0,1
Less then a month...Really?   *Bre-toe*,le mon  real  bretoe,1,0
nothing on today  ,noth today,0,1
"@Taylorgotbeats I know  sorry, ermm nah nothing new except the weathers warming up over here lol; i just really need to get mre organized",know sorry  erm nah noth new exceiv weath warm ov lol  real nee get mre org,1,0
Taking Garrett for 3 month pics tomorrow.  What appeared today?  Baby ZIT on his chin!  ,tak garret  mon pic tomorrow  appear today  baby zit chin ,1,0
"@aewsome I want this prize- Dinner with us at Gladys &amp; Ron's Chicken and Waffles, followed by drinks at the Clermont Lounge. ",want thi prize din us glady amp amp  ron  chick waffl  follow drink clermont loung ,0,1
"@mathemagenic good luck  I wish I could attend your defense,but I have to save days off 4 the school vacation... see you later, I hope",good luck wish could attend yo defens  hav sav day  school vac  see lat  hop,0,1
tomorrow is chest and tri's maybe some shoulders ,tomorrow chest tri  mayb som,0,1
http://twitpic.com/6ednl - That should be her next headshot , next headshot,1,0
can't understand why i'm so tired....maybe because its gloomy outside....idk ,not understand tir  maybe becaus gloom outsid  idk,0,1
@SupathickMami sorry to hear dat gurl! dats not too coo ,sorry hear dat gurl  dat not coo,1,0
hmmm... at office in the weekend... got to finish off some work ,hmmm  weekend  got fin som work,0,1
I just got an iPod touch  going outside for a while,got ipod touch going outsid whil,0,1
"@avalanchelynn and i'm talking about the neighbourhood bakeries, not even like bengawan solo-kinda of bakeries.  nobody likes custard ar?",talk neighbo bakery  not ev lik bengaw solokinda bakery  nobody lik custard ar ,1,0
soooooo @dreana hasn't tweeted me all day  ....,soooooo ha not tweet al day  ,1,0
"@bexxi Hm, exactly no weekend   (3.-7.8.)  It's a bus tour (Avanti).",hm  exact no weekend     bus tour  avant  ,1,0
need some cup of noodles... college life ,nee som cup noodl  colleg lif,0,1
@ThreeFingerMark es ist jetzt 12:16 und der perverse ist in der Bibliothek ,es ist jetzt    und der pervers ist der bibliothek,0,1
I had Jewish cheesecake that I have not had since I was a kid. I need that recipe.   Shabbat just started at sundown. Shalom Shabbat.,jew cheesecak hav not sint kid  nee recip  shab start sundown  shalom shab ,0,1
given up on homework ,giv homework,0,1
@meg_001 New moon... hoping that eclipse will not going to be on next november... ,new moon  hop eclips wil not going next novemb ,0,1
On the phone to a depressed little girl  love her to bits though  xxxxx,phon depress littl girl lov bit though xxxxx,0,1
"oooh man,cant sleep...again. and i miss you and i want you here with me, falling asleep 2gether &lt;3 fingers crossed for mondaaay! ",oooh man  cant sleep   miss want  fal asleep gether amp lt   fing cross mondaaay ,0,1
@doucefeline @WhatASaviour7 @alisawoodard6 @SWantowski @AnitaLea1 @florsunny @redrobin741 @1bramant @LinsonVarughese @blupony3 @bishopdawkins @middlebrookdepe @Ccangelsing @sheila_freda @Blessttt @JackCouch11 @LisaHarlow10 @Jesus_YaHWeH_ @ahmedaniyal @ToddTrotter3 @BelieveAllCom @One_Of_His @endtimeslife @reeves5150 @Sharonrenee15 @JoAnnEileen @Cherami1Sherrie @GregPettys @trinitysfaith @L_Bramant @bailog_cherisse @FlashG_86 @smrutimishra7 @vinodgnair73 @ReginahHope @Twisty58 @doswell_vee @radioshowccc @notjudgin @nhiscare57 @nadiaforjesus @WheatSuzanne @FREEBetsyB @elliesangelwing @mcinnes003 Lord Jesus in Your Powerful Name please remove this mountain of depression off Kieth now and forever that this captive may be set free from this stronghold by the mighty tools of God (2Cor. 10:4-6) THANKYOU Jesus 4 Ur tenderloving care and mercy that endures forever! Amen!,lord jes yo pow nam pleas remov thi mountain depress kie forev thi capt may set fre thi stronghold mighty tool god  cor      thankyou jes  ur tenderlov car mercy end forev  ,1,0
"Dear God.  Please make it rain tomorrow.  Thunderstorms would also be appreciated if possible, but they're not essential. Thank you ",dear god  pleas mak rain tomorrow  thunderstorm would also apprecy poss  ar not ess  thank,0,1
@yessenia Missed you guys too.  Fill me in tomorrow on the message.,miss guy  fil tomorrow mess ,1,0
http://blogs.zdnet.com/weblife/?p=665 &lt;- Live: WordCamp 2009  I want to be there next year :x,amp lt   liv  wordcamp  want ther next year  x,0,1
@FearlessSon  Haven't they figured out yet that you wear a tie EVERYWHERE?,hav not fig yet wear tie everywh ,1,0
@thefalsetruths ZOMG PICS!!!!! and i want to rub ur head now ,zomg pic      want rub ur head,0,1
"@Anggi same here anggi... once you go to dentist, it's gonna be a never-ending treatments ",sam angg  ont go dent  gon na neverending tre,0,1
It was fun while it lasted..  No more 9.A ,wa fun whil lasted  no mor a,1,0
@mediagrowthinc first time seller you also. Better description and layout then me  I'm sorry it's not a product for me,first tim sel also  bet describ layout sorry not produc,0,1
@wendyperrin Count me in as one of the suscribers (although I am in the industry) ,count suscrib  although industry ,0,1
PS: I didn't like buenos aires and i want to fix my google latitude  soon soon,ps  not lik bueno air want fix googl latitud soon soon,0,1
@poohbear_taken aww how far is your boo?  &amp;nd thanks,aww far yo boo  amp amp  nd thank,1,0
Heidi and spencer are michigamua-esque ,heid spent ar michigamuaesque,1,0
finished the app  bout 2 get ready 4 my internship n the mornin then work afta dat...,fin ap bout  get ready  intern n mornin work aft dat ,0,1
Im still waiting for people to follow me    Medina and I Love Lucas and,im stil wait peopl follow medin lov luca,1,0
"@baughje our website, but I broke it back  I accidentally deleted a curly brace in some jQuery code.",websit  brok back accid delet cur brac som jquery cod ,0,1
@jarret - funny! no suffering! i can't even get into my journey through live with dmb as the soundtrack. people will think i've lost it. , funny  no suff  not ev get journey liv dmb soundtrack  peopl wil think hav lost ,0,1
@jswans Shhh..I have the equations in my calculator.... ,shhh  hav equ calc  ,0,1
Getting ready to watch the hills finale ,get ready watch hil fin,1,0
"im up and im fully awake! and it's 1:40pm...jeez I'm actually really lazy. not my fault tho, didnt get in til 5 ",im im ful awak    pm  jeez act real lazy  not fault tho  didnt get til ,0,1
Here in Germany the sun is rising and we watch the MTV Movie Awards   and we're going insane *g*,germany sun ris watch mtv movy award ar going ins g,0,1
@heartsthtgoboom  what oh! look who is climbing the age ladder..  happy bday! mucho love! tear shit up. xxxxxxxxxxxxxxxxxxxx,oh  look climb ag ladder  happy bday  mucho lov  tear shit  xxxxxxxxxxxxxxxxxxxx,0,1
"Don't drink coffee.  Never have.  So, how is it that I'm wide awake and the rest of America looks like their faces are about slide off? ",not drink coff  nev hav   wid awak rest americ look lik fac ar slid ,0,1
@thegoodcount haha.. yeah I try to forget that... I nearly did  ... I am good... living the london life...,haha  yeah try forget  near  good  liv london lif ,1,0
Just finished dying my hair  now i have to wait 30 minutes. ugh its like 12 30 am and i have to wake up at freaking 4 30 to shower and ...,fin dying hair hav wait  minut  ugh lik   hav wak freak   show ,0,1
No Work Till Monday ,no work til monday,0,1
"@brandscill what job interview? if you meant razzamatazz, it wasnt an interveiw ive just gotta hand in a cv tomorrow ",job interview  meant razzamatazz  wasnt interveiw iv got ta hand cv tomorrow,0,1
"@jmcpherson Wicked funny - I was thinking the same thing, I sure could use a break from the rain ",wick funny  wa think sam thing  sur could us break rain,1,0
my twitter is covered in cupcakes!  look at my profileee.,twit cov cupcak  look profil ,0,1
@TwilightKiera hey again =] haha i only have 72  follow me people!!! lol!! thanks 2 all my followers! i love u  lol,hey  ] hah hav  follow peopl    lol   thank  al follow  lov u lol,1,0
beach  still have to get ez pass,beach stil hav get ez pass,0,1
@buberzionist ok objection sustained ,ok object sustain,0,1
"loved yesterday, and is now thinking shopping again tonight hahaa, just gotta get past english, serious cba  x",lov yesterday  think shop tonight haha  got ta get past engl  sery cba x,1,0
"ehh false alarm, not going out at all ",ehh fals alarm  not going al,0,1
I didnt know you went on an interview. ,didnt know went interview ,1,0
"Until tomorrow people, bye ",tomorrow peopl  bye,0,1
Woke up to a txt from my boss saying were not working in the rain  back to bed for me.,wok txt boss say wer not work rain back bed ,0,1
is spending this beautiful Saturday at work  ,spend thi beauty saturday work,0,1
@contactabe Okay aside from that I can't think of anything else ,okay asid not think anyth els,1,0
Good morning twitter  I need more followers,good morn twit nee mor follow,0,1
"last day of #JavaOneConf, can someone pls extend it ",last day  javaoneconf  someon pls extend,1,0
"Strawberry harvest continues but is winding down. Harvest of lettuce is between plantings. Rain stopped haymaking yesterday, darn, ",strawberry harvest continu wind  harvest lettuc plant  rain stop haymak yesterday  darn ,0,1
WHOA! @leolaporte blows up at Mike Arrington on camera: http://bit.ly/EmMEI (Very Strong Language!) Somebody was bound to eventually. , blow mik arrington camer   strong langu   somebody bound ev ,0,1
@rikkisixx Don't see ears or paws ,not see ear paw,1,0
Getting my hair greeesed up lol ,get hair greees lol,0,1
"@maggit  i'll visit ny 'til september, no diggnation for me",wil visit ny  til septemb  no diggn,1,0
@siamusic  as long as you have someone to make out with    lol,long hav someon mak lol,1,0
sitting at home watching cheaters    and waiting on chris to call,sit hom watch che wait chris cal,1,0
@The8thDoctor possibly... but i have no way of connecting. i have no cable thing and no wirelessy thing. but when i has loan moneys... ,poss  hav no way connect  hav no cabl thing no wirelessy thing  loan money ,0,1
Fixing 7 xbox's with red rings  http://tinyurl.com/geteverything360,fix  xbox  red ring,1,0
Designing a public space  snif snif,design publ spac snif snif,1,0
@kashleyk1 likes shitty bands like lorene drive  also! Saw @missashleeeyyy !! Yay!,lik shitty band lik lor driv also  saw   yay ,1,0
"@_dznr Cuz you DMed it to me. Haha, Im kidding! No coffee and pepsi for me. ",cuz dmed  hah  im kid  no coff peps ,0,1
played better 1st 18 hole than fell apart 2nd 18th hole cuz tire.. I guess ,play bet st  hol fel apart nd th hol cuz tire  guess,1,0
@ludovicah Books are heavy. KINDLE IS WIN ,book ar heavy  kindl win,0,1
"#BIGGUP to vegas!!! What happens in u, sometimes makes it way onto myspace.      lol but really :-D", biggup veg    hap u  sometim mak way onto myspac  lol real  d,1,0
"@kimbobb nope, no time for it ",nop  no tim,1,0
@QueenofScots67 phew ,phew,0,1
@skyenat oh...  oh well it depends on my results then... and my ability to work it well. -.-,oh  oh wel depend result  abl work wel  ,1,0
I need a drink ,nee drink,0,1
@_hayles Aww  don't! You'll jinx it. what time is it there? haha me..a  dirty minx? neveeeeeeeeeeer. xxx,aww not  wil jinx  tim ther  hah  dirty minx  nev  xxx,1,0
I want the PSP Go! Right now ,want psp go  right,0,1
"@itsandre13 Actually it's &quot;for one second.&quot; The tweet was too long, so I had to write '4' for 'for.' ",act amp quot  second  amp quot  tweet wa long  writ      ,1,0
" https://goo.gl/ZZuQAK It doesn't matter where you live, what your gender is, or how old you are—sliding into a pair of running shoes may be your best first step to warding off depression.<Emoji: Man running><Emoji: Man running><Emoji: Man running>#TXG #Compressopn #Socks #Health #Care #Exrtcise #Prevent #Depression",doe not mat wher liv  yo gend  old  sliding pair run sho may yo best first step ward depression  emoj  man run   emoj  man run   emoj  man run   txg  compressopn  sock  heal  car  exrtc  prev  depress,1,0
Just spent an hour re-factoring code to get round a problem which turned out not to be the problem. ,spent hour refactoring cod get round problem turn not problem ,1,0
@officialnjonas I luv u guys Good luck!.!.!  I luv u so much!,luv u guy good luck      luv u much ,0,1
meganandliz = amazing. pictures of them are starting to take over my bedroom walls ,meganandl  amaz  pict ar start tak ov bedroom wal,0,1
@sassyback it is... and such a waste of money that could be better spent on other things... , wast money could bet spent oth thing ,0,1
Anyone know any good game websites? Haha I'm bored at work ,anyon know good gam websit  hah bor work,0,1
i think I'll be out hn a minute.. ,think wil hn minute ,0,1
@zeatres i need one too. shunjimatsuo? ,nee  shunjimatsuo ,0,1
shopping @ tesco ,shop tesco,1,0
Is just Gobsmacked how good the glasto line up is and how sunny it is in faltown !!! ,gobsmack good glasto lin sunny faltown   ,0,1
miss may 24th SOOO MUUCH! the best day E-V-E-R.. de verdade ,miss may th sooo muuch  best day ever  de verdad,1,0
wish i could see Hey Monday again! ,wish could see hey monday ,0,1
one more day ,mor day,1,0
"Lost my favorite pen, Why God WHY!??? ",lost favorit pen  god    ,0,1
"@chinupcheerup Your new horse is named Tonka? That's awesome! Also, sorry I never called yesterday ",yo new hors nam tonk  awesom  also  sorry nev cal yesterday,1,0
fun night in davis! 5 hours of sleep and clean up  now back to reality,fun night dav   hour sleep cle back real,1,0
@LuvinMeSomeD I got 2 yrs. I am in school as well for them. So I get extra ,got  yr  school wel  get extr,0,1
Campaign for The Bulgariangreens ended with concert and more Bluetooth  and NOW TIME TO VOTE and make a difference,campaign bulgariangreen end concert mor bluetoo tim vot mak diff,0,1
@rayonRichards: @CortneyGift  ,,1,0
@mikebaronowski what! Don't tell me you don't like it  what flavour do you eat?, not tel not lik flavo eat ,1,0
@ilyily Hola babe! I fxckin miss you! ,hol bab  fxckin miss ,1,0
figuring out our new taxes.... we are getting owned. ,fig new tax   ar get ,1,0
Just sneaked in a jelly donut ,sneak jel donut,1,0
@zefrog Not for me... ,not ,0,1
I'm waiting for company ,wait company,0,1
nuttin much just going to summer school this summer ,nuttin much going sum school thi sum,1,0
aaaawwww    we still love u though! @officialTila,aaaawwww stil lov u though ,1,0
@ardeming yeah okay i give you teaching can only be so much fun. But more fun than what I used to do everyday. Customer Service ,yeah okay giv teach much fun  mor fun us everyday  custom serv,1,0
"@shawnieora some pretties up for auction for type 1 #diabetes research, author Brenda Novak puts together every year...take a peek! ",som pretty auct typ   diabet research  auth brend novak put togeth every year  tak peek ,0,1
Wooooo! Weather advisory in Denver. Might have to land in Colorado Springs. Love travel delays ,wooooo  weath adv denv  might hav land colorado springs  lov travel delay,0,1
 something/someone should cheer me up,somethingsomeone che,1,0
"Jonas Brothers wer AMAZINGG!!Cant believe that we found their hotel and they had alredy left  wanted a picture n autograph,but it was cool",jona broth wer amazing   cant believ found hotel alredy left want pict n autograph  wa cool,1,0
@passwordreset Welcome to the Twitterverse!  Great handle BTW.  I can commiserate as @Micaiah was taken as well.  ,welcom twittervers  gre handl btw  com wa tak wel ,1,0
@LaylaNatalie  thanks,thank,1,0
"@MichaelinMI I'm sorry   Living in MI kinda sucks these days, hopefully you'll find something soon...",sorry liv mi kind suck thes day  hop wil find someth soon ,1,0
"@Angelfan Praying for you to warm up too!!!  It wasn't bad tempwise here today, but if you are cold today-it must be headed my way!!  ",pray warm    wa not bad tempw today  ar cold todayit must head way  ,1,0
@grandoglwiki It is.  But I try to look on the bright side.  But I'll be moping until 12:01 am Tuesday morning.   That's my allowance. , try look bright sid  wil mop    tuesday morn  allow ,0,1
Omaha bound! ,omah bound ,0,1
"@Mister_Reavis aww!  but BK, that must be incredible. never been to NY, i hear it's insane there. in a good way, of course, hahhaa.",aww  bk  must incred  nev ny  hear ins ther  good way  cours  hahha ,1,0
@SunnyNici I know!   We went out last night so I had today off work.  Hubby &amp;son went out early. I woke at 9am (to coffee) and then read! ,know  went last night today work  hubby amp amp  son went ear  wok am  coff  read ,0,1
"@JPhilipson lol i recommend you a lot, i have no idea who it might be   amber maybe?",lol recommend lot  hav no ide might amb mayb ,1,0
"Ok, i am officially a ball of hyperness at this moment in time. i suggest you back away slowly.       ",ok  bal hyp thi mom tim  suggest back away slow ,0,1
anyone wanna grab a coffee at westfield this morning? who's out and about? ,anyon wan na grab coff westfield thi morn  ,0,1
@maandyMADNESS Chispea ! ,chispe ,1,0
"@iero_xxi its okay, l'oreal are shit. im allergic to them  the bastards! hahahaha",okay  l  ore ar shit  im allerg bastard  hahahah,1,0
I'm beginning to think warm weather and outdoor play with my kids will seriously impact my time surfing the web! ,begin think warm weath outdo play kid wil sery impact tim surf web ,0,1
@iamjonathancook WHY?  p.s. I can't wait til July 7th when FTSK D3LUX3 3D1T10N COMES OUTTTT!!!  â¥, ps  not wait til july th ftsk dlux dtn com outtt    ,1,0
"@Naughty_Dog would love to, but being in the UK kinda puts a stop to that! ",would lov  uk kind put stop ,1,0
Can someome pretty please tell me who dies in desperate housewives i hope its not Bree van camp she's my fav ,someom pretty pleas tel die desp housew hop not bre van camp fav,0,1
Back to X's and O's tomorrow  http://yfrog.com/7gu5gj,back x   tomorrow,0,1
@Axelsrose ( I hafta redo mine  as you might have read in my lil update  ), haft redo min might hav read lil upd ,1,0
@Loubella next up........angel delight in ya life! omg!!! want some right now! craving penny turtles and strawberries also ,next    angel delight ya lif  omg    want som right  crav penny turtl strawberry also,1,0
getting ready to paint my bathroom cabinets ,get ready paint bathroom cabinet,1,0
@Qeabs i dont remember.. it was 3 or 4 i guess.. lama sudah.. ,dont remember    guess  lam sudah ,0,1
Out!  ... Missing the germans and bulgarians!,  miss germ bulg ,0,1
Writing another contract today   Prom for the twins tonight and a cancer fundraiser for Adrienne and I,writ anoth contract today prom twin tonight cant fundra adrien,0,1
"@simon_pollard Oh fuck, I forgot about that. Sorry Mr P. If you wish to end this friendship officially then I will post the papers to you ",oh fuck  forgot  sorry mr p wish end thi friend wil post pap,1,0
Hoping to see Wolverine this weekend...not for Hugh Jackman though...Daniel Henney's minor (but most probably wooden  role...,hop see wolverin thi weekend  not hugh jackm though  daniel henney  min  prob wood rol ,0,1
"@flipsideoftcoin Hhmmm, snugglage good... I'm good, I've been rather useless this weekend, catching up on sleep. Up at 5:30 am tommorrow ",hhmmm  snuggl good  good  hav rath useless thi weekend  catch sleep     tommorrow,1,0
Bow wows fans must be 15  aww damn @ ed mcmahon! Double ,bow wow fan must  aww damn ed mcmahon  doubl,1,0
"@KellyStanaj yeah, that's the one! ;) I really just hope Adam will tweet something already  @theRealGlambert come out and play?",yeah     real hop adam wil tweet someth already com play ,1,0
Really really hot out today. Will probably go swim (after I clean my room first  ),real real hot today  wil prob go swim  aft cle room first ,1,0
Oh the joys that are backing up Blackboard - why can't it be as simple as Moodle ,oh joy ar back blackboard  not simpl moodl,0,1
@DiannePulham OOOOOOOO who with? (im not neither but thats because i need to study  ),oooooooo   im not neith becaus nee study ,1,0
@Ashley_HamlinNY why would they do that? I'm on team Eduardo!..I started his fan page on FB! ,would  team eduardo   start fan pag fb ,1,0
I just loooove when its cold in our house ,loooov cold hous,0,1
@ankita_gaba  Prt Screen take the screenshot of only the visible area. I wanted to take the long shot of whole web page.,prt screen tak screenshot vis  want tak long shot whol web pag ,0,1
@KermitLovin sounds good to me. not sure when I'll get a chance to though ,sound good  not sur wil get chant though,1,0
"hates the awkward pauses when u let the other car go, but they're letting u go. ",hat awkward paus u let oth car go  ar let u go ,0,1
"@scottFmurphy No, bits of leftover PopTarts from the kids' plates. ",no  bit leftov poptart kid  plat ,1,0
On my way home after a productive day of riding and merchandising ,way hom aft produc day rid merchand,0,1
squeaky clean ,squeaky cle,0,1
@merree2657 Right! It was ok but not what it used to be. New chef started 3 days ago. ,right  wa ok not us  new chef start  day ago ,1,0
It's too early for me.. really. Fed's match starts when I get back from school  lucky me.,ear  real  fed  match start get back school lucky ,0,1
is looking forward to riding her ponies today.....  it's been awhile!,look forward rid pony today   awhil ,0,1
At tam's wedding!! Gettin older and realizing &quot;my time e coming soon!!!&quot; ,tam  wed   gettin old real amp quot  tim e com soon    amp quot ,1,0
@coachkellum WAKE UP...WAKE UP. I need to yell @ you! JK.   Im sad you went paintballing &amp; to the beach w/o me. JERK.,wak  wak  nee yel  jk  im sad went paintbal amp amp  beach wo  jerk ,0,1
"@csiriano Hon, none of your pics are coming through   Is something wrong?",hon  non yo pic ar com someth wrong ,1,0
@cndboy HOT! I want a picture!!!! ,hot  want pict    ,0,1
Morning! It's a lovely day in Buellton. I don't want to leave ,morn  lov day buellton  not want leav,1,0
N:saw a really nice back to the future top today.I WANT IT!! and a star wars one that I REALLY WANT! ha  off to revise..1st exam tomorrow!,n  saw real nic back fut top todayi want   star war real want  ha revise  st exam tomorrow ,0,1
"I love south Texas! It's so hot, that's the truth. But I'm sad to be leaving (a little)! See you soon Bumble! ",lov sou texa  hot  tru  sad leav  littl   see soon bumbl ,0,1
@ztnewetnorb lol i can play them both  not on guitar tho,lol play not guit tho,0,1
@James_Waters Poor baby...I dont have to work till 2 ,poor baby  dont hav work til ,0,1
"@PhilBaumann  I just woke up and I the first thing I see is your post &quot;oh poopie about an idea blob?&quot;  Listen, stop calling me names! ",wok first thing see yo post amp quot  oh poop ide blob  amp quot  list  stop cal nam ,0,1
@caracakesxoxo thanks for the concern  nah.. no better.. need to wait till i can get a doctors appointment.. :/,thank concern nah  no better  nee wait til get doct appointment   ,0,1
"http://twitpic.com/6u3u5 - im UPSET  but when lifes not easy, pray ", im upset lif not easy  pray,0,1
back and now I am officially 20...i would have liked to stay in my teens ,back   would hav lik stay teen,0,1
"@shoewee We test them to death to prove that they are learning through testing. If naught else, they learn how to take tests. ",test dea prov ar learn test  naught els  learn tak test ,1,0
Kathy just stole free books. That reminded me of @mrfeeny89 and his wings. ,kathy stol fre book  remind wing ,1,0
@jonathanrknight LOL!  Hubs is on A-A-A-A-A-Advil due to the difficult workout I put him through today at the Y.  ,lol  hub aaaaaadvil due difficult workout put today ,0,1
"@brookmis lol. comps, non-transferable.  I think I have a pimp suite though...that may sway me.",lol  comp  nontransferable  think hav pimp suit though  may sway ,1,0
"@crazymokes I've done some silversmithing. Just remember if a piece of molten metal rolls on to the floor, don't grab it. I did this ",hav som silversmith  rememb piec molt met rol flo  not grab  thi,1,0
AHHHH SIMS 3 PACKAGE SHOULD BE HERE WHEN I GET HOME OMGOMGOMG YAAAAAAY ,ahhhh sim  pack get hom omgomgomg yaaaaaay,0,1
"@epodcaster @joeruiz  I would comment here but I fear for my life.  Different strokes for different folks, that's all I know.",would com fear lif  diff strokes diff folk  al know ,0,1
@BabyMakinMachin I am with your there.  I am trying to hang but I am checking out in less than 30min.  ,yo ther  try hang check less min ,0,1
Back home  My R.S test was meh. Damn you Religion -_-,back hom rs test meh  damn relig _,0,1
just read all the NEW updates! but not all geesh why do I have to follow 55ppl whatever its funn ,read al new upd  not al geesh hav follow ppl whatev fun,0,1
Ok bed time. I wish I didn't have an exam on thursday otherwise I would just go around harassing people to vote! lol. Night guys! ,ok bed tim  wish not hav exam thursday otherw would go around harass peopl vot  lol  night guy ,0,1
where did @KayKay_SODMG go.?? i want pics babes.!  l0l,wher go   want pic babes  ll,0,1
Weather is nice! Then WHY am I about to fall asleep! ,weath nic  fal asleep ,1,0
@IvankaTrump Beta complex is project stargate! Lol here is your own little place to enjoy yourself Samuel Alan Tate! SAMAEL zone!!! Lol ^.^ human imagination come true make sure it is good!  https://youtu.be/sMIJI_ggM_g  Pride-shame-ego depression! The gas man is a harbinger of peace!,bet complex project starg  lol yo littl plac enjoy samuel al tat  samael zon    lol ^^ hum imagin com tru mak sur good  prideshameego depress  gas man harb peac ,1,0
"damn time flys by too quickly.feels like the day slipped away, and all i did toady was play  made a castle then lily knocked it down.BULLY",damn tim fly quicklyfeels lik day slip away  al toady play mad castl lily knock downbully,0,1
@ryantaylor Woo buffet is a scary thought. A single serving of me seems more than most can handle. ,woo buffet scary thought  singl serv seem mor handl ,0,1
morning tweeps  phoned work and changed shift to back shift 2day still a lil ill,morn tweep phon work chang shift back shift day stil lil il,0,1
manipulating strings of the c# type ,manip string c  typ,1,0
@Lisa_Veronica Lucky! I want to be in London ,lucky  want london,0,1
Emma just popped the balloon she got at Red Robin on Sunday. ,emm pop balloon got red robin sunday ,1,0
@Jaynecollinsmac I can't believe I missed saying 'hello' to you in Glasgow!  Were you 'flipping' in the M&amp;G Room? Omar xxx,not believ miss say  hello  glasgow  wer  flipping  amp amp  g room  om xxx,1,0
Finally get to lay down. Don't want to go to ventura tomorrow  i love my birthday girl Krysta &lt;3,fin get lay  not want go ventur tomorrow lov birthday girl kryst amp lt  ,1,0
"@AMIdesigns It's very hard but well, we spent quality time together. Someone told my mum her kids live so close but they hardly see them ",hard wel  spent qual tim togeth  someon told mum kid liv clos hard see,0,1
Zan el air-conditioner ,zan el aircondition,0,1
"the weather sucks...made plans for todays afternoon but as it seems, they're wanished...gonna dress up and get a coffe ",weath suck  mad plan today afternoon seem  ar wan  gon na dress get coff,0,1
is wondering why people care what he is doing in the first place ,wond peopl car first plac,0,1
@musicsinmyveins is actually a fitted sheet on a futon ,act fit sheet futon,0,1
@Hipchick999  awwwwww ,awwwwww,0,1
@yvonneisyvonne Curiousity killed the cat. ,cury kil cat ,0,1
DISNEY WORLDDD! I'll be back on Fridayy!  I'll miss you all very much,disney worldd  wil back fridayy  wil miss al much,0,1
"@mollywood Yeah, they still do that  What is it with Apple and downloading a new build every time?",yeah  stil appl download new build every tim ,1,0
"@black_impala Sorry, I didn't mean to bitch at you. ",sorry  not mean bitch ,1,0
"Crazy hot out and I am getting ready to board my favorite ride, Splash Mountain! Fast Passes rock btw ",crazy hot get ready board favorit rid  splash mountain  fast pass rock btw,0,1
hmmm ... Twitter no update facebook ,hmmm  twit no upd facebook,1,0
@wattdouglas we can't afford to go to the states twice a year   We already went for GDC so we are letting Sony do their job this time,not afford go stat twic year already went gdc ar let sony job thi tim,0,1
"@Daedelus76 Yes, the account owner of our Dev team forgot to put my device on the list, so it's useless until he does ",ye  account dev team forgot put dev list  useless doe,1,0
@MissBliss78 LOL okay ,lol okay,1,0
Finally sunny and 78 in Happy Valley and where am I? Stuck indoors in front of a computer.  Wa-waaaaa.,fin sunny  happy valley wher  stuck indo front comput  wawaaaa ,1,0
everything just went on paid orgramming mode  goin to bed.,everyth went paid orgram mod goin bed ,1,0
@PinkBerryGirl No activity outdoor activity scheduled today. sigh ,no act outdo act scheduled today  sigh,0,1
Off to wonderful work... be back after 3am  !,wond work  back aft am ,1,0
@AlissaNicolee yeeeeah! Ill show u tomato but hannah thinks someones gna have it  oh welll,yeeeeah  il show u tomato hannah think someon gna hav oh well,1,0
Th? 7 cï¿½c em xinh ??p r? ?i ch?i nh?ng ng?i v? l?i thï¿½i ,th   c  c em xinh   p r   ch  nh  ng ng  v  l  th  i,0,1
@thisgoeshere nope..i think i didn't sleep at  all..maybe 4 hours ,nope  think not sleep  maybe  hour,0,1
"@211me Are u friggin' kidding me Pope Facinelli won?  This is da headline I wake up 2. Innovative technological media my azz, useful NOT",ar u friggin  kid pop facinell  thi da headlin wak  innov technolog med azz  us not,1,0
Doing school for a couple hours  American Idol sure took alot outta me last night! I love you Danny Gokey &lt;3,school coupl hour idol sur took alot outt last night  lov danny gokey amp lt  ,0,1
is revising ,rev,0,1
there is nothing fun about working in a supermarket  -_-  i start at 2.30 super sad face   ,ther noth fun work supermarket _ start  sup sad fac,0,1
Why do I always have so much to do? Just not enough hours in the day...and the beat goes on...  ,alway hav much  not enough hour day  beat goe ,0,1
@Dublins98Dave hysterical ,hyst,0,1
Hey zack too bad traceys numbers blocked but good one  u crack me up! Ur the one that can't confront the person you have a problem with,hey zack bad tracey numb block good u crack  ur not confront person hav problem,0,1
"@_doozie hehe ard whore it aint bout shit  Germ You Is, Germ You Be, Yu A Fuckin Germ, So Stop Writing Mee ",heh ard whor aint bout shit germ  germ  yu fuckin germ  stop writ mee,0,1
@Lauratheexpat I got &quot;gatvol&quot; of work and went gardening. Back now with soil under my fingernails ,got amp quot  gatvol amp quot  work went gard  back soil und fingernail,0,1
@coachbear Sounds noice ,sound noic,0,1
im pretty fer positive I close with the asshole ,im pretty fer posit clos asshol,1,0
got done with the mothers day cookout.. everyone is leaving   we all had fun though!,got moth day cookout  everyon leav al fun though ,0,1
@_constantstatic i like babies better  (although i like shows/books about crime),lik baby bet  although lik showsbook crim ,1,0
"Getting ready for Fathers Day.Found the card n presents.Going to the casino buffet,tons of food and even more Cigarette Smoke ",get ready fath dayfound card n presentsgoing casino buffet  ton food ev mor cigaret smok,1,0
@HarrisonTodd Tom Bailey did in our PE exam ,tom bailey pe exam,0,1
"@brittanytastic it used to be fun now its just an excuse to bitch and hate, like every other forum ",us fun excus bitch hat  lik every oth,1,0
@jayyyr only just saw your reply! i am useless at twittering  newcastle did break us but excited 2 go bk next yr!!,saw yo reply  useless twit newcastl break u excit  go bk next yr  ,1,0
I have an extra ticket to see @neilhimself on Monday. Who wants it? $15. (Or highest bidder above that.  ),hav extr ticket see monday  want      highest bid abov  ,0,1
drinking a delicious spice chai latte and watching jon and kate plus 8 get a divorce ,drink delicy spic cha lat watch jon kat plu  get divorc,1,0
"@sweetbabyliebs But wait, the weekend isn't over. We still have tomorrow. ",wait  weekend not ov  stil hav tomorrow ,0,1
celebrating Gideon's mom's bday later  miss her. havent seen her for 2 weeks! and i miss Gideon so much!,celebr gideon  mom  bday lat miss  hav seen  week  miss gideon much ,0,1
http://twitpic.com/4wkzi - before prom. this is when all the chaos began , bef prom  thi al chao beg,0,1
@AbbyRo Speaking of blogs...been to yours lately? I finally got it redirected. I'm sorry if that zapped your blog mojo. ,speak blog  yo lat  fin got redirect  sorry zap yo blog mojo ,1,0
is everyone sick at the moment well im glad im not lol ,everyon sick mom wel im glad im not lol,0,1
@reebok89 is a hater. what happened to brotherly love.... ,hat  hap broth lov  ,1,0
"@MusicIsHealthy   poor you. in the morning there were a few guys ringing at my door, who wanted to read in the BIBLE o.O i said i'm not ..",poor  morn ther wer guy ring door  want read bibl oo said not ,0,1
"@DanielleNicole_ oh, the other geek squad. ",oh  oth geek squad ,1,0
May ppl please exhibit kindness when dealing with those suffering from mental health issues. It is not their fault. So plz Be Kind ,may ppl pleas exhibit kind deal thos suff ment heal issu  not fault  plz kind,0,1
heyy!! jst got done watchingg UP! sickestt movie everr!!  gonna go to TOKYPO WAKO! ,heyy   jst got watching  sickest movy ever   gon na go tokypo wako ,0,1
going to LA tonight yay !  finally missing coffee bean   i love you my town.,going la tonight yay  fin miss coff bean lov town ,1,0
@beezobabii sorry  hope things get better soon,sorry hop thing get bet soon,1,0
"@bobbyllew Uninterrupted power supply probably wouldn't help, unless you had the kids on standby cycle dynamo power ",uninterrupt pow supply prob would not help  unless kid standby cyc dynamo pow,0,1
is apparently looking for a new bridesmaid.. 15 weeks b4 my wedding ,app look new bridesmaid   week b wed,1,0
loves her crybaby ,lov crybaby,0,1
"@gato_anesama What's mean? Did I hurt your feelings?  I'm sure your situation will get better, as mine hopefully will. ",mean  hurt yo feel  sur yo situ wil get bet  min hop wil ,1,0
@dieverdog I got the same two hits. the phone must have needed to reset or something. ,got sam two hit  phon must hav nee reset someth ,0,1
@jonasbrothers why didnt jessie james take a picture with kevins phone? ,didnt jessy jam tak pict kevin phon ,1,0
"@lowkeyriez @kidcalloway mayb i cnt count, but......thats def 6 names...i cud b mistakin tho! ",mayb cnt count    def  nam  cud b mistakin tho ,0,1
"My words have escaped me tonight, but my oddness will never....http://twitpic.com/4e1nk  ",word hav escap tonight  od wil nev  ,0,1
@RevRunWisdom yes!!!  Sending this to my middle school daughter and friends. MS girls can be so mean sometimes!!  To each other.... ,ye    send thi middl school daught friend  girl mean sometim   oth  ,1,0
"wheat-free, sugar-free, dairy-free, chocolate-free, peanut-free,tomoato-free,soy-free for the next 5 months... this should be fun ",wheatfree  sugarfree  dairyfree  chocolatefr  peanutfree  tomoatofree  soyfree next  mon  thi fun,1,0
  thank you ya  @ranoona ! I thought  you understood me ,thank ya  thought understood,1,0
@theB3 I pitty the fool that would try it ,pitty fool would try,0,1
Back at school. 3 days 'til finals ,back school   day  til fin,1,0
"Aw, my mom started balling her eyes out when she was working lines with me...she thinks it's sad...wait til she sees the actual show. ",aw  mom start bal ey work lin  think sad  wait til see act show ,0,1
@megspptc yup  think they only did the vols for the first few shows so far tho!,yup think vol first show far tho ,0,1
At the Omega Psi Psi Mardi Gras dance..going deaf ,omeg psi psi mard gra dance  going deaf,0,1
@maaaarit enjoy the sun  i think i will go out soon too! well i have to; my dog needs to go lol,enjoy sun think wil go soon  wel hav  dog nee go lol,0,1
Outside watching Coal&amp;Lily play their fav game: burrow-under-the-picnic-blanket. Rex hasn't quite figured it out yet tho ,outsid watch coal amp amp  lily play fav gam  burrowunderthepicnicblanket  rex not quit fig yet tho,0,1
"@bunnylake baha It is my new favourite thing, perfectamondo pour le weather, I was hoping no one would notice ",bah new favourit thing  perfectamondo pour le weath  wa hop no would not,1,0
says walang collection..  http://plurk.com/p/xqfwj,say walang collection ,1,0
"@jmliss yeah I know  but hubby has taken it with him to Argentina, but I have a new Papaw balm my sister sent me from Aus to try out on it",yeah know hubby ha tak argentin  hav new papaw balm sist sent au try,1,0
just got home from my erollment  and i hate my pe!!!!,got hom erol hat pe    ,0,1
@anthonyamor hey anthony i hope you wore the apron haha. we couldnt wait for the guys last night we got kicked out  left the nfg tour now,hey anthony hop wor apron hah  couldnt wait guy last night got kick left nfg tour,1,0
Hey @nyycarl07 !!  I DO attend BaseBall games....huge fan of @KnightsBaseball and @DurhamBulls..Not sure if we R going 2night ,hey   attend basebal gam  huge fan sur r going night,0,1
Mamma Mia. Egypt beats Italy ,mamm mia  egypt beat ita,1,0
@bharathy_99 Not too sure.. Hab coth a bath colth.. ,not sure  hab coth bath colth ,1,0
"@theplatemarket Teeny Red Spiders? - We've had bees, which I dont' mind as much as wasps. To quote Tommy Saxondale: &quot;Wasps are bastards&quot; ",teeny red spid   hav bee  dont  mind much wasp  quot tommy saxond  amp quot  wasp ar bastard amp quot ,0,1
@Pandabeara well wooptie de doo - chips and soda is $$$$ too    Junkfood junkie,wel woopty de doo  chip sod     junkfood junky,0,1
@lannyANH fa shooooooo lanny. twitter party. remember our pho parties? ,fa shooooooo lanny  twit party  rememb pho party ,1,0
@princessdreana nah.  i'll wait.,nah  wil wait ,1,0
"&amp; im in major need of new cookware, dinnerware.. basically im a sucky housewife in the making ",amp amp  im maj nee new cookw  dinnerware  bas im sucky housew mak,0,1
CCSU Vball Schedule came out today. Cool.  Made some progress on my site cleanup as well. So much to do. ,ccsu vbal schedule cam today  cool  mad som progress sit cleanup wel  much ,1,0
"@RiniGrandViper I'm sorry you had a bad day.  Things will get better, though! Promise!",sorry bad day  thing wil get bet  though  prom ,1,0
"Twitters it brings a chill down my spine just to think I have to sign out, good night all  But I'll be back at 7am tomorrow xoxo.",twit bring chil spin think hav sign  good night al wil back am tomorrow xoxo ,1,0
young jesus concert tonight and then babysitting from 8:30 am to 11:30 pm. i'm guessing i'll have no energy for the next week ,young jes concert tonight babysit       pm  guess wil hav no energy next week,0,1
@souljaboytellem &amp;&amp; @drakkardnoir bish'd B-More when they didn't put us ont he itinerary for the America's Most Wanted Music Festival ,amp amp  amp amp  bish  bmore not put u ont itin americ  want mus fest,1,0
@SephoraJunkie awww for sure Canada misses you too! ,awww sur canad miss ,0,1
@shanedawson I like the part where Muffins starts talking to you in your new vid but I couldn't think of anything random to say ,lik part wher muffin start talk yo new vid could not think anyth random say,1,0
&quot;It's amazing what you can hide...Just by putting on a smile...&quot; ,amp quot  amaz hid  put smil  amp quot ,1,0
@verbomania Nice. I lost a couple of 'prized' followers and I was actually quite gutted. How sad is that? Probably the drunken shouting ,nic  lost coupl  prized  follow act quit gut  sad  prob drunk shout,0,1
"@a__guy I don't want to watch the movie until I've finished the book  I don't want to ruin the ending, you know ;)",not want watch movy hav fin book not want ruin end  know  ,0,1
Eatin. Mk hungry   (like a cop car),eatin  mk hungry  lik cop car ,0,1
woke up early  helluh tiredd. text it(:,wok ear helluh tired  text  ,1,0
@tobiefysh I really haven't got the hang of these hash tags have I? ,real hav not got hang thes hash tag hav ,1,0
Watching Ace of Cakes: LOST edition omfgggg ,watch ac cak  lost edit omfggg,0,1
@KaddieCullen  I KNEW that was gunna happen!   I hope Rob will sign and take pics sometime soon! after all the psychos are gone ,knew wa gunn hap  hop rob wil sign tak pic sometim soon  aft al psycho ar gon,1,0
@monysee fuck all  hahahah. pitt is so last year,fuck al hahahah  pit last year,0,1
"Ok, today is officially moving day! Wish me luck, and i hope I can find Lexi a home ",ok  today mov day  wish luck  hop find lex hom,1,0
"@natalietran we are, it's only 7 in california ",ar   californ,0,1
allez dodo !! demain boulot ! ,allez dodo   demain boulot ,1,0
amazing day today! car show with daddy and falling to sleep with my dog  also watering plants with mummy in garden! media exam tomorrow x,amaz day today  car show daddy fal sleep dog also wat plant mummy gard  med exam tomorrow x,0,1
doing some stuff around the house- maybe packing some for Disney... probably not.. I'm such a procrastinator ,som stuff around house mayb pack som disney  prob not  procrastin,0,1
"@feliciathena kalo pascha, or however you spell it - sorry ",kalo pasch  howev spel  sorry,0,1
GRRR buggs :@..i love the summer buh i hate the bllody insects that come with it  !!!!,grrr bug  lov sum buh hat bllody insect com    ,1,0
@da_gurl_cece what up? ,,0,1
doesn't ever want to grow up. ,doe not ev want grow ,0,1
"@ScottBourne that's like $1 per follower!! Amazing, and to think I just started following you this year, ",lik   per follow   amaz  think start follow thi year ,1,0
delam gerye mikhad  dige hese gerye ham nis ... ajib shodam cheghad :-&lt;,delam gery mikhad dig hes gery ham ni  ajib shodam cheghad   amp lt ,1,0
;o went paddle boating today . xD ... haha. but didnt get anywhere .. , went paddl boat today  xd  hah  didnt get anywh ,1,0
"is weary again but needs to nuke the ironing pile, for it is nearly time for @MegFitz's birthday dinner! ",weary nee nuk iron pil  near tim birthday din ,0,1
"@SFARRMemphis is Jasper still with you guys? are they looking at the two together, would be a shame to break them up ",jasp stil guy  ar look two togeth  would sham break,1,0
"Grr, can't get on the cp til 7! Has Paula tweeted since her home sweet home tweet? If ro, could some1 plz dm it 2 me? ",grr  not get cp til   paul tweet sint hom sweet hom tweet  ro  could some plz dm  ,0,1
@sassykai soo it looks like I'm gonna be visiting la soon since it didn't work out ,soo look lik gon na visit la soon sint not work,1,0
he has become like another son to me... I predict a bawl fest happening in about an hour ,ha becom lik anoth son  predict bawl fest hap hour,1,0
@boggsout ty  I am 28,ty ,0,1
@iCoopers You tease  But thank you ,teas thank,1,0
@WheresTasha Hope everything is ok ,hop everyth ok,1,0
graduation... ,gradu ,1,0
"Home from work, really dead tonight which was great  also beat my flight control score by 1, now 85  Now to chill and watch family guy.",hom work  real dead tonight gre also beat flight control scor    chil watch famy guy ,0,1
@Dramvicy Train home was long and relaxin like always! How's Boston without me? ,train hom long relaxin lik alway  boston without ,0,1
"A draft project with a strong idea. Perspective Startup - @traxiontoken Click here Join #TraXionICO at   https://traxion.Tech/  #TraXion envisions truthfulness, accountability, and transparency during depression in any community.",draft project strong ide  perspect startup  click join  traxionico  tract envid truth  account  transp dur depress commun ,1,0
@wizzlewolf Oops--think you were talking about artshow! I have to get going on that too. The bio and statement-trying to shorten-tricky ,oop  think wer talk artshow  hav get going  bio statementtrying shortentricky,0,1
@gashiya  the 3 of us r here for u always xox, u r u alway xox,1,0
i'm definately like this weather ,defin lik thi weath,0,1
Kerri hates me.  She's got me twice today with her practical jokes...where did the love go?  Just kidding.  ,kerr hat  got twic today pract jok  wher lov go  kid ,0,1
Can't believe Yazmina won Kate so deserved to win  Kate and Philip do make a cute couple,not believ yazmin kat deserv win kat philip mak cut coupl,1,0
@ChrisReg yeah man im dissapointed tho ,yeah man im dissapoint tho,1,0
"Gotta get ready to run to post office, to the store, and going to OB appt. with daughter today having another sonogram.... ",got ta get ready run post  stor  going ob appt  daught today hav anoth sonogram  ,0,1
@joshtastic1 doesn't look too blue from here though ,doe not look blu though,1,0
Another rainy day. Should post Riga pics but I feel lazy. Maybe tomorrow. ,anoth rainy day  post rig pic feel lazy  mayb tomorrow ,0,1
@stripysocks123  hiya! I know how you feel  What you up to?,hiy  know feel ,1,0
"@tprncss yeah, me too! where is he?  and conan in LA is a little weird, he belongs in new york. i'll cope though.",yeah   wher  con la littl weird  belong new york  wil cop though ,1,0
@B81Martin I only met him once  Super cool guy,met ont sup cool guy,0,1
important      steve and danz's arrival in glasgow has been delayed for those interested ,import stev danz  ar glasgow delay thos interest,0,1
@UrbanDecay411 : UD 24/7 concealer pencil to brighten the eyes and take away shameful evidence of the previous night ,ud  cont pencil bright ey tak away sham evid prevy night,0,1
@beauevans you already are becoming too famous for me!!!    u take like 5 years to reply!!!! Soooooo when are we going to Menchies???,already ar becom fam    u tak lik  year reply     soooooo ar going menchy   ,1,0
just had a shower now watchin sum crap on tv ,show watchin sum crap tv,1,0
@DeckEnt goood luck on that one cause it as fairly early when i talked to him and i am pretty sure he was on already so...HANGOVER!!!! ,goood luck caus fair ear talk pretty sur wa already  hangov    ,1,0
@xiape copy &amp; paste fuck cunt tosser piss flap a 10000000000 times !!!! ,cop amp amp  past fuck cunt toss piss flap  tim    ,0,1
@ShannaPace im not a trance person...i saw tiesto with a friend who was obsessed. dont remember that much of the show ,im not trant person  saw tiesto friend wa obsess  dont rememb much show,1,0
counting down to the end of the work wk!! ,count end work wk  ,0,1
Cola.  It's gonna be a long night.,col  gon na long night ,0,1
"There, new modded cable modem ordered to replace our old failing non modded one ",ther  new mod cabl modem ord replac old fail non mod,0,1
"@Tyrese4ReaL SEXY DARK CHOCOLATE, I LIKES A LOT! ;) LOL! I'M SO BAD, SORRY PAPASITO, BUT U R SO SEXY!  MUCH LOVE 4 U 4M ME.",sexy dark chocol  lik lot    lol  bad  sorry papasito  u r sexy  much lov  u m ,0,1
Note to self: stop gawping at you tube and get out of bed you lazy so and so! Ok. Getting up now. ,not self  stop gawp tub get bed lazy  ok get ,1,0
@motorbot re: sinuses  hope u feel better soon. Hey! You're on the Daily What today! huzzah! you RULE!, sin hop u feel bet soon  hey  ar dai today  huzzah  rul ,1,0
@Drmichaelgee oh. Right. Well i hope agent pierce feels better ,oh  right  wel hop ag pierc feel bet,0,1
owwwwwww damn my brother smacked my back and i have a slight sun burn on my back lets jsut say i got even i smacked him in the face ,owwwwwww damn broth smack back hav slight sun burn back let jsut say got ev smack fac,0,1
too lazy to go to work... ,lazy go work ,0,1
@mmassinger: @Kr15How3ll i too dream of that day ,dream day,0,1
Lying in bed  wondering what my cat is looking at lol X,lying bed wond cat look lol x,0,1
Just landed in l.a. The airport in denver to my spray hair spray piercing wash lotion and face wash ,land la airport denv spray hair spray pierc wash lot fac wash,1,0
"@TheRock  You are brilliant, love your compassion  and humor and class, an awesome role model especially for children and young adults.  So happy to see you being so forthright about your mom and your mental health challenges. One request please, go deeper into your  depression",ar bril  lov yo compass hum class  awesom rol model espec childr young adult  happy see forthright yo mom yo ment heal challeng  request pleas  go deep yo depress,1,0
"@howeezy hmmm got my back, huh. wheres the love, wheres the support ",hmmm got back  huh  wher lov  wher support,1,0
"@eliiiiza Awww  I hope she did (I wasn't watching, but you said she was nice)",awww hop  wa not watch  said wa nic ,1,0
@ddlovato  you still cant sleep?? btw i love ur music and style and ur so pretty ,stil cant sleep   btw lov ur mus styl ur pretty,1,0
Whoah! I just saved a ton of money on my car insurance by switching to Geico! ,whoah  sav ton money car ins switch geico ,0,1
"Lovin' my new car.. Actually looking forward to the  ~7 hour drive tomorrow.. All I need is 3G/HSDPA, Spotify and  lot's of Red Bull.. ",lovin  new car  act look forward  hour driv tomorrow  al nee ghsdpa  spot lot  red bull ,0,1
@19fischi75 holy cow! then pls be careful hun! take no risks! ,holy cow  pls car hun  tak no risk ,1,0
@toesha yeah that does deserve a  face,yeah doe deserv fac,1,0
it's been a while-i'm back! studying ,whilei back  study,1,0
@ECMODSHOW I will check with our UK office to see if anyone will be there. I am actually in our New York office. ,wil check uk see anyon wil ther  act new york ,0,1
Just checked in my bags! $100 ,check bag   ,1,0
shares That didn't work! humm?  http://leathermadenice.etsy.com (let's try that again. )    http://plurk.com/p/y652d,shar not work  hum   let u try  ,1,0
going to get a haircut ,going get haircut,0,1
@nour5 noooooooor school is OVER...U can't imagine how much i'm happy 2 hear from U that U done well    god bless U,nooooooo school ov  u not imagin much happy  hear u u wel god bless u,0,1
@BlackDeezull becuz ur tryin to be like me ,becuz ur tryin lik,0,1
"@JonathanAB Morning Jono  Crikey, that sounds dreadful!",morn jono crikey  sound dread ,0,1
well this is crazy. it is now 7:21 and im kinda tired! wtf? ,wel thi crazy     im kind tir  wtf ,0,1
@AdotMdot hey.... I actually liked wolverine... ,hey   act lik wolverin ,1,0
Sitting next to @shotgun_sinners in double history ,sit next doubl hist,1,0
sooo much fun!! i have a tournament tomorrow really early in the morning ,sooo much fun   hav tourna tomorrow real ear morn,1,0
@mixiebug I'm lying on a rock by the river. Where are you? ,lying rock riv  wher ar ,0,1
@MissRedGirl  Is it half term next week? xx,half term next week  xx,1,0
@Relucs Perhaps its a gmail glitch then that will get fixed ,perhap gmail glitch wil get fix,1,0
@KatieCorless BOLLOCKS. I would of loved to.  When are you next babysitting her? x,bollock  would lov  ar next babysit  x,1,0
@Barron00 @KittenRescue @petwebdesigner @Kat5Rescue @BrewskieButt @MrScrubby @BuddyThePuggy ty luvies ,ty luvy,0,1
-settles for cold water with pink lemonade powder stuff- ,settles cold wat pink lemonad powd stuff,1,0
I need bacon ,nee bacon,0,1
@botdfmusic ,,1,0
Up on a Saturday and off to chemistry lessons with my tutor ,saturday chem lesson tut,1,0
@megatron122&gt;&gt;&gt;&gt;&gt;MEGAN the feather was in my boobssss.  haha,feath wa boob  hah,1,0
drinking cordial  yes im bored,drink cord ye im bor,0,1
"Sorrx guys, i gotta one track mind...if you didn't know already ",sorrx guy  got ta track mind  not know already,0,1
Wow - this is a strange day. Even my twitter app on the new Pre is being weird. That's a Monday for ya!  ,wow  thi strange day  ev twit ap new pre weird  monday ya ,0,1
@ufo_guy ah yes...that was it i only tried to follow because i cant.  so i guess #ff me. ,ah ye  wa tri follow becaus cant  guess  ff ,1,0
ok shopping was far too fun ~ unpacking the bags now ,ok shop far fun  unpack bag,0,1
"@SaikoSakura well, now that i got the speaker thing fixed for now, nobody seems to be able to hear me ",wel  got speak thing fix  nobody seem abl hear,1,0
@_AlexaJordan  *cuddles*  Did someone not get the right permits or something???,cuddles someon not get right permit someth   ,1,0
@KimBerry29 special K sounds great right about now! My last meal was at lunch with you @ open sesame! ,spec k sound gre right  last meal wa lunch op sesam ,1,0
Showerin with no dangly parts... ,showerin no dang part ,1,0
Will be back when I think everyone is up ,wil back think everyon,1,0
"stuck with each other - Shontelle ft. Akon.  oh where are you, my Luke Brandon? la la laaaaaa. ",stuck oth  shontel ft akon  oh wher ar  luk brandon  la la laaaaa ,0,1
tennis washed out this morning.. study study.. shopping spree at DFO  then back to study study study.. blahhhhh,ten wash thi morning  study study  shop spree dfo back study study study  blahhhhh,0,1
"I'm so sleepy, what a day to just lay in bed. ",sleepy  day lay bed ,0,1
"Yesterday couldn't decide what #outrageous thing to &quot;do&quot;, so I did nothing. Yep, all day. Slept &amp; put &quot;accomplishing&quot; on hold -  try it! ",yesterday could not decid  thing amp quot  amp quot   noth  yep  al day  slept amp amp  put amp quot  accompl amp quot  hold  try ,0,1
@nbwulf I was going to say fertilizer for the back yard but..... ,going say fertil back yard  ,0,1
doesn't care either way.  #croukrainegame,doe not car eith way   croukrainegam,0,1
Tuesday...the 09 ex250 is MINE ,tuesday   ex min,0,1
@missyjule I feel your pain...already there!! ,feel yo pain  already ther  ,1,0
@supersluggish thanks babe!  i've been watching the HBO 24/7 episodes but not the actual fight.,thank bab  hav watch hbo  episod not act fight ,0,1
is really hungry  lol,real hungry lol,0,1
@ninacruz927 @sandrapena @antdog ...soooo you are saying she had fair warning...hey...times are tuff , soooo ar say fair warn  hey  tim ar tuff,0,1
@ArsenalSarah I'll be out there tomorrow! Catching up on indoor stuff today! ,wil ther tomorrow  catch indo stuff today ,1,0
@willow0818 no its not true. he would have said something. wait until he says something!  how are you?? xxx,no not tru  would hav said someth  wait say someth  ar   xxx,0,1
@CemG2rockg u got mail ,u got mail,0,1
